k,max_intra_cluster_distance_km
1,1595.5543151043012
2,1595.5543151043012
3,1595.5543151043012
4,1595.5543151043012
5,1595.5543151043012
6,1595.5543151043012
7,1595.5543151043012
8,1595.5543151043012
9,1595.5543151043012
10,1595.5543151043012
11,1154.9386507463003
12,1154.9386507463003
13,1154.9386507463003
14,1154.9386507463003
15,1154.9386507463003
16,1154.9386507463003
17,1002.8915867195145
18,893.3057596528286
19,893.3057596528286
20,893.3057596528286
21,893.3057596528286
22,893.3057596528286
23,893.3057596528286
24,893.3057596528286
25,893.3057596528286
26,756.7935331638424
27,756.7935331638424
28,756.7935331638424
29,696.6048038121577
30,696.6048038121577
31,696.6048038121577
32,696.6048038121577
33,682.4559388411202
34,682.4559388411202
35,682.4559388411202
36,682.4559388411202
37,682.4559388411202
38,682.4559388411202
39,682.4559388411202
40,682.4559388411202
41,682.4559388411202
42,682.4559388411202
43,682.4559388411202
44,682.4559388411202
45,655.7422142381884
46,597.697824088338
47,597.697824088338
48,597.697824088338
49,597.697824088338
50,597.697824088338
51,597.697824088338
52,597.697824088338
53,523.7942506218202
54,523.7942506218202
55,523.7942506218202
56,523.7942506218202
57,523.7942506218202
58,523.7942506218202
59,523.7942506218202
60,523.7942506218202
61,522.8173841953205
62,522.8173841953205
63,522.8173841953205
64,522.8173841953205
65,469.96485192626557
66,469.96485192626557
67,469.96485192626557
68,469.96485192626557
69,469.96485192626557
70,469.96485192626557
71,469.96485192626557
72,469.96485192626557
73,466.1273537677994
74,466.1273537677994
75,466.1273537677994
76,466.1273537677994
77,466.1273537677994
78,466.1273537677994
79,466.1273537677994
80,466.1273537677994
81,466.1273537677994
82,466.1273537677994
83,407.5121264777172
84,407.5121264777172
85,407.5121264777172
86,407.5121264777172
87,407.5121264777172
88,407.5121264777172
89,407.5121264777172
90,390.22119948332556
91,390.22119948332556
92,390.22119948332556
93,390.22119948332556
94,390.22119948332556
95,390.22119948332556
96,390.22119948332556
97,390.22119948332556
98,390.22119948332556
99,390.22119948332556
100,390.22119948332556
101,368.5521873583791
102,368.5521873583791
103,368.5521873583791
104,361.8807797944614
105,361.8807797944614
106,361.8807797944614
107,361.8807797944614
108,361.8807797944614
109,361.8807797944614
110,361.8807797944614
111,361.8807797944614
112,361.8807797944614
113,361.8807797944614
114,361.8807797944614
115,361.8807797944614
116,359.27355751034725
117,359.27355751034725
118,359.27355751034725
119,359.27355751034725
120,359.27355751034725
121,359.27355751034725
122,359.27355751034725
123,359.27355751034725
124,359.27355751034725
125,359.27355751034725
126,359.27355751034725
127,359.27355751034725
128,359.27355751034725
129,359.27355751034725
130,359.27355751034725
131,359.27355751034725
132,359.27355751034725
133,359.27355751034725
134,359.27355751034725
135,359.27355751034725
136,359.27355751034725
137,359.27355751034725
138,359.27355751034725
139,359.27355751034725
140,359.27355751034725
141,359.27355751034725
142,359.27355751034725
143,359.27355751034725
144,359.27355751034725
145,359.27355751034725
146,359.27355751034725
147,359.27355751034725
148,359.27355751034725
149,359.27355751034725
150,359.27355751034725
151,359.27355751034725
152,359.27355751034725
153,359.27355751034725
154,359.27355751034725
155,359.27355751034725
156,359.27355751034725
157,359.27355751034725
158,359.27355751034725
159,359.27355751034725
160,359.27355751034725
161,359.27355751034725
162,359.27355751034725
163,359.27355751034725
164,359.27355751034725
165,359.27355751034725
166,359.27355751034725
167,359.27355751034725
168,357.11352835171436
169,357.11352835171436
170,357.11352835171436
171,357.11352835171436
172,357.11352835171436
173,357.11352835171436
174,357.11352835171436
175,357.11352835171436
176,357.11352835171436
177,357.11352835171436
178,357.11352835171436
179,357.11352835171436
180,357.11352835171436
181,357.11352835171436
182,357.11352835171436
183,357.11352835171436
184,357.11352835171436
185,357.11352835171436
186,357.11352835171436
187,357.11352835171436
188,357.11352835171436
189,357.11352835171436
190,357.11352835171436
191,357.11352835171436
192,357.11352835171436
193,357.11352835171436
194,357.11352835171436
195,357.11352835171436
196,357.11352835171436
197,357.11352835171436
198,357.11352835171436
199,357.11352835171436
200,357.11352835171436
201,357.11352835171436
202,357.11352835171436
203,357.11352835171436
204,357.11352835171436
205,357.11352835171436
206,357.11352835171436
207,357.11352835171436
208,357.11352835171436
209,357.11352835171436
210,357.11352835171436
211,357.11352835171436
212,357.11352835171436
213,357.11352835171436
214,357.11352835171436
215,357.11352835171436
216,357.11352835171436
217,357.11352835171436
218,357.11352835171436
219,357.11352835171436
220,357.11352835171436
221,357.11352835171436
222,357.11352835171436
223,357.11352835171436
224,357.11352835171436
225,357.11352835171436
226,357.11352835171436
227,357.11352835171436
228,357.11352835171436
229,357.11352835171436
230,357.11352835171436
231,357.11352835171436
232,357.11352835171436
233,357.11352835171436
234,357.11352835171436
235,357.11352835171436
236,357.11352835171436
237,357.11352835171436
238,357.11352835171436
239,357.11352835171436
240,357.11352835171436
241,357.11352835171436
242,357.11352835171436
243,357.11352835171436
244,357.11352835171436
245,357.11352835171436
246,357.11352835171436
247,357.11352835171436
248,357.11352835171436
249,357.11352835171436
250,357.11352835171436
251,357.11352835171436
252,357.11352835171436
253,357.11352835171436
254,357.11352835171436
255,357.11352835171436
256,357.11352835171436
257,357.11352835171436
258,357.11352835171436
259,357.11352835171436
260,357.11352835171436
261,357.11352835171436
262,357.11352835171436
263,357.11352835171436
264,357.11352835171436
265,357.11352835171436
266,357.11352835171436
267,357.11352835171436
268,357.11352835171436
269,357.11352835171436
270,357.11352835171436
271,357.11352835171436
272,357.11352835171436
273,357.11352835171436
274,357.11352835171436
275,357.11352835171436
276,357.11352835171436
277,357.11352835171436
278,357.11352835171436
279,357.11352835171436
280,357.11352835171436
281,357.11352835171436
282,357.11352835171436
283,357.11352835171436
284,357.11352835171436
285,357.11352835171436
286,357.11352835171436
287,357.11352835171436
288,357.11352835171436
289,357.11352835171436
290,357.11352835171436
291,357.11352835171436
292,357.11352835171436
293,357.11352835171436
294,357.11352835171436
295,357.11352835171436
296,357.11352835171436
297,357.11352835171436
298,357.11352835171436
299,357.11352835171436
300,357.11352835171436
301,357.11352835171436
302,357.11352835171436
303,357.11352835171436
304,357.11352835171436
305,357.11352835171436
306,357.11352835171436
307,357.11352835171436
308,357.11352835171436
309,357.11352835171436
310,357.11352835171436
311,357.11352835171436
312,203.10279649137402
313,203.10279649137402
314,203.10279649137402
315,203.10279649137402
316,203.10279649137402
317,203.10279649137402
318,203.10279649137402
319,203.10279649137402
320,203.10279649137402
321,203.10279649137402
322,203.10279649137402
323,203.10279649137402
324,203.10279649137402
325,202.67374826895002
326,202.67374826895002
327,202.67374826895002
328,202.67374826895002
329,202.67374826895002
330,202.67374826895002
331,202.67374826895002
332,202.67374826895002
333,202.67374826895002
334,202.67374826895002
335,202.67374826895002
336,202.67374826895002
337,202.67374826895002
338,202.67374826895002
339,202.67374826895002
340,202.67374826895002
341,202.67374826895002
342,202.67374826895002
343,202.67374826895002
344,202.67374826895002
345,202.67374826895002
346,202.67374826895002
347,202.67374826895002
348,202.67374826895002
349,202.67374826895002
350,202.67374826895002
351,202.67374826895002
352,202.67374826895002
353,202.67374826895002
354,202.67374826895002
355,202.67374826895002
356,202.67374826895002
357,202.67374826895002
358,202.67374826895002
359,202.67374826895002
360,202.67374826895002
361,202.67374826895002
362,202.67374826895002
363,202.67374826895002
364,202.67374826895002
365,202.67374826895002
366,202.67374826895002
367,202.67374826895002
368,202.67374826895002
369,202.67374826895002
370,202.67374826895002
371,202.67374826895002
372,202.67374826895002
373,202.67374826895002
374,202.67374826895002
375,202.67374826895002
376,202.67374826895002
377,202.67374826895002
378,202.67374826895002
379,202.67374826895002
380,202.67374826895002
381,202.67374826895002
382,202.67374826895002
383,202.67374826895002
384,202.67374826895002
385,202.67374826895002
386,202.67374826895002
387,202.67374826895002
388,202.67374826895002
389,202.67374826895002
390,202.67374826895002
391,202.67374826895002
392,202.67374826895002
393,202.67374826895002
394,202.67374826895002
395,202.67374826895002
396,202.67374826895002
397,202.67374826895002
398,202.67374826895002
399,202.67374826895002
400,202.67374826895002
401,202.67374826895002
402,202.67374826895002
403,202.67374826895002
404,202.67374826895002
405,202.67374826895002
406,202.67374826895002
407,202.67374826895002
408,202.67374826895002
409,202.67374826895002
410,202.67374826895002
411,202.67374826895002
412,202.67374826895002
413,202.67374826895002
414,202.67374826895002
415,202.67374826895002
416,202.67374826895002
417,202.67374826895002
418,202.67374826895002
419,202.67374826895002
420,202.67374826895002
421,202.67374826895002
422,202.67374826895002
423,202.67374826895002
424,202.67374826895002
425,202.67374826895002
426,202.67374826895002
427,202.67374826895002
428,202.67374826895002
429,202.67374826895002
430,202.67374826895002
431,202.67374826895002
432,202.67374826895002
433,202.67374826895002
434,202.67374826895002
435,202.67374826895002
436,202.67374826895002
437,202.67374826895002
438,202.67374826895002
439,202.67374826895002
440,202.67374826895002
441,202.67374826895002
442,202.67374826895002
443,202.67374826895002
444,202.67374826895002
445,202.67374826895002
446,202.67374826895002
447,202.67374826895002
448,202.67374826895002
449,202.67374826895002
450,202.67374826895002
451,202.67374826895002
452,202.67374826895002
453,202.67374826895002
454,202.67374826895002
455,202.67374826895002
456,202.67374826895002
457,202.67374826895002
458,202.67374826895002
459,202.67374826895002
460,202.67374826895002
461,202.67374826895002
462,202.67374826895002
463,202.67374826895002
464,202.67374826895002
465,202.67374826895002
466,202.67374826895002
467,202.67374826895002
468,202.67374826895002
469,202.67374826895002
470,202.67374826895002
471,202.67374826895002
472,202.67374826895002
473,202.67374826895002
474,202.67374826895002
475,202.67374826895002
476,202.67374826895002
477,202.67374826895002
478,202.67374826895002
479,202.67374826895002
480,202.67374826895002
481,202.67374826895002
482,202.67374826895002
483,202.67374826895002
484,202.67374826895002
485,202.67374826895002
486,202.67374826895002
487,202.67374826895002
488,202.67374826895002
489,202.67374826895002
490,202.67374826895002
491,202.67374826895002
492,202.67374826895002
493,173.13718354122707
494,173.13718354122707
495,173.13718354122707
496,173.13718354122707
497,173.13718354122707
498,173.13718354122707
499,173.13718354122707
500,173.13718354122707
501,173.13718354122707
502,173.13718354122707
503,173.13718354122707
504,173.13718354122707
505,173.13718354122707
506,173.13718354122707
507,173.13718354122707
508,173.13718354122707
509,173.13718354122707
510,173.13718354122707
511,173.13718354122707
512,173.13718354122707
513,173.13718354122707
514,173.13718354122707
515,173.13718354122707
516,173.13718354122707
517,173.13718354122707
518,173.13718354122707
519,173.13718354122707
520,173.13718354122707
521,173.13718354122707
522,173.13718354122707
523,173.13718354122707
524,173.13718354122707
525,173.13718354122707
526,173.13718354122707
527,173.13718354122707
528,173.13718354122707
529,173.13718354122707
530,173.13718354122707
531,173.13718354122707
532,173.13718354122707
533,173.13718354122707
534,173.13718354122707
535,173.13718354122707
536,173.13718354122707
537,173.13718354122707
538,173.13718354122707
539,173.13718354122707
540,173.13718354122707
541,173.13718354122707
542,173.13718354122707
543,173.13718354122707
544,173.13718354122707
545,173.13718354122707
546,173.13718354122707
547,173.13718354122707
548,173.13718354122707
549,173.13718354122707
550,173.13718354122707
551,173.13718354122707
552,173.13718354122707
553,173.13718354122707
554,173.13718354122707
555,173.13718354122707
556,173.13718354122707
557,173.13718354122707
558,173.13718354122707
559,173.13718354122707
560,173.13718354122707
561,173.13718354122707
562,173.13718354122707
563,173.13718354122707
564,173.13718354122707
565,173.13718354122707
566,173.13718354122707
567,173.13718354122707
568,173.13718354122707
569,173.13718354122707
570,173.13718354122707
571,173.13718354122707
572,173.13718354122707
573,173.13718354122707
574,173.13718354122707
575,173.13718354122707
576,173.13718354122707
577,173.13718354122707
578,173.13718354122707
579,173.13718354122707
580,173.13718354122707
581,173.13718354122707
582,173.13718354122707
583,173.13718354122707
584,173.13718354122707
585,173.13718354122707
586,173.13718354122707
587,173.13718354122707
588,173.13718354122707
589,173.13718354122707
590,173.13718354122707
591,173.13718354122707
592,173.13718354122707
593,173.13718354122707
594,173.13718354122707
595,173.13718354122707
596,173.13718354122707
597,173.13718354122707
598,173.13718354122707
599,173.13718354122707
600,173.13718354122707
601,173.13718354122707
602,173.13718354122707
603,173.13718354122707
604,173.13718354122707
605,173.13718354122707
606,173.13718354122707
607,173.13718354122707
608,173.13718354122707
609,173.13718354122707
610,173.13718354122707
611,173.13718354122707
612,173.13718354122707
613,173.13718354122707
614,173.13718354122707
615,173.13718354122707
616,173.13718354122707
617,173.13718354122707
618,173.13718354122707
619,173.13718354122707
620,173.13718354122707
621,173.13718354122707
622,173.13718354122707
623,173.13718354122707
624,173.13718354122707
625,173.13718354122707
626,173.13718354122707
627,173.13718354122707
628,173.13718354122707
629,173.13718354122707
630,173.13718354122707
631,173.13718354122707
632,173.13718354122707
633,173.13718354122707
634,173.13718354122707
635,173.13718354122707
636,173.13718354122707
637,173.13718354122707
638,173.13718354122707
639,173.13718354122707
640,173.13718354122707
641,173.13718354122707
642,173.13718354122707
643,173.13718354122707
644,173.13718354122707
645,173.13718354122707
646,173.13718354122707
647,173.13718354122707
648,173.13718354122707
649,173.13718354122707
650,173.13718354122707
651,173.13718354122707
652,173.13718354122707
653,173.13718354122707
654,173.13718354122707
655,173.13718354122707
656,173.13718354122707
657,173.13718354122707
658,173.13718354122707
659,173.13718354122707
660,173.13718354122707
661,173.13718354122707
662,173.13718354122707
663,173.13718354122707
664,173.13718354122707
665,173.13718354122707
666,173.13718354122707
667,173.13718354122707
668,173.13718354122707
669,173.13718354122707
670,173.13718354122707
671,173.13718354122707
672,173.13718354122707
673,173.13718354122707
674,173.13718354122707
675,173.13718354122707
676,173.13718354122707
677,173.13718354122707
678,173.13718354122707
679,173.13718354122707
680,173.13718354122707
681,173.13718354122707
682,173.13718354122707
683,173.13718354122707
684,173.13718354122707
685,173.13718354122707
686,173.13718354122707
687,173.13718354122707
688,173.13718354122707
689,173.13718354122707
690,173.13718354122707
691,173.13718354122707
692,173.13718354122707
693,173.13718354122707
694,173.13718354122707
695,173.13718354122707
696,173.13718354122707
697,173.13718354122707
698,173.13718354122707
699,173.13718354122707
700,173.13718354122707
701,173.13718354122707
702,173.13718354122707
703,173.13718354122707
704,173.13718354122707
705,173.13718354122707
706,173.13718354122707
707,173.13718354122707
708,173.13718354122707
709,173.13718354122707
710,173.13718354122707
711,173.13718354122707
712,173.13718354122707
713,173.13718354122707
714,173.13718354122707
715,173.13718354122707
716,173.13718354122707
717,173.13718354122707
718,173.13718354122707
719,173.13718354122707
720,173.13718354122707
721,173.13718354122707
722,173.13718354122707
723,173.13718354122707
724,173.13718354122707
725,173.13718354122707
726,173.13718354122707
727,173.13718354122707
728,173.13718354122707
729,173.13718354122707
730,173.13718354122707
731,173.13718354122707
732,173.13718354122707
733,173.13718354122707
734,173.13718354122707
735,173.13718354122707
736,173.13718354122707
737,173.13718354122707
738,173.13718354122707
739,173.13718354122707
740,173.13718354122707
741,173.13718354122707
742,173.13718354122707
743,173.13718354122707
744,173.13718354122707
745,173.13718354122707
746,173.13718354122707
747,173.13718354122707
748,173.13718354122707
749,173.13718354122707
750,173.13718354122707
751,173.13718354122707
752,173.13718354122707
753,173.13718354122707
754,173.13718354122707
755,173.13718354122707
756,173.13718354122707
757,173.13718354122707
758,173.13718354122707
759,173.13718354122707
760,173.13718354122707
761,173.13718354122707
762,173.13718354122707
763,173.13718354122707
764,173.13718354122707
765,173.13718354122707
766,173.13718354122707
767,173.13718354122707
768,173.13718354122707
769,173.13718354122707
770,173.13718354122707
771,173.13718354122707
772,173.13718354122707
773,173.13718354122707
774,173.13718354122707
775,173.13718354122707
776,173.13718354122707
777,173.13718354122707
778,173.13718354122707
779,173.13718354122707
780,173.13718354122707
781,173.13718354122707
782,173.13718354122707
783,173.13718354122707
784,173.13718354122707
785,173.13718354122707
786,173.13718354122707
787,173.13718354122707
788,173.13718354122707
789,173.13718354122707
790,173.13718354122707
791,173.13718354122707
792,173.13718354122707
793,173.13718354122707
794,173.13718354122707
795,173.13718354122707
796,173.13718354122707
797,173.13718354122707
798,173.13718354122707
799,173.13718354122707
800,173.13718354122707
801,173.13718354122707
802,173.13718354122707
803,173.13718354122707
804,173.13718354122707
805,173.13718354122707
806,173.13718354122707
807,173.13718354122707
808,173.13718354122707
809,173.13718354122707
810,173.13718354122707
811,173.13718354122707
812,173.13718354122707
813,173.13718354122707
814,173.13718354122707
815,173.13718354122707
816,173.13718354122707
817,173.13718354122707
818,173.13718354122707
819,173.13718354122707
820,173.13718354122707
821,173.13718354122707
822,173.13718354122707
823,173.13718354122707
824,173.13718354122707
825,173.13718354122707
826,173.13718354122707
827,173.13718354122707
828,173.13718354122707
829,173.13718354122707
830,173.13718354122707
831,173.13718354122707
832,173.13718354122707
833,173.13718354122707
834,173.13718354122707
835,173.13718354122707
836,173.13718354122707
837,173.13718354122707
838,173.13718354122707
839,173.13718354122707
840,173.13718354122707
841,173.13718354122707
842,173.13718354122707
843,173.13718354122707
844,173.13718354122707
845,173.13718354122707
846,173.13718354122707
847,173.13718354122707
848,173.13718354122707
849,173.13718354122707
850,173.13718354122707
851,173.13718354122707
852,173.13718354122707
853,173.13718354122707
854,173.13718354122707
855,173.13718354122707
856,173.13718354122707
857,173.13718354122707
858,173.13718354122707
859,173.13718354122707
860,173.13718354122707
861,173.13718354122707
862,173.13718354122707
863,173.13718354122707
864,173.13718354122707
865,173.13718354122707
866,173.13718354122707
867,173.13718354122707
868,173.13718354122707
869,173.13718354122707
870,173.13718354122707
871,173.13718354122707
872,173.13718354122707
873,173.13718354122707
874,173.13718354122707
875,173.13718354122707
876,173.13718354122707
877,173.13718354122707
878,173.13718354122707
879,173.13718354122707
880,173.13718354122707
881,173.13718354122707
882,173.13718354122707
883,173.13718354122707
884,173.13718354122707
885,173.13718354122707
886,173.13718354122707
887,173.13718354122707
888,173.13718354122707
889,173.13718354122707
890,173.13718354122707
891,173.13718354122707
892,173.13718354122707
893,173.13718354122707
894,173.13718354122707
895,173.13718354122707
896,173.13718354122707
897,173.13718354122707
898,173.13718354122707
899,173.13718354122707
900,173.13718354122707
901,173.13718354122707
902,173.13718354122707
903,173.13718354122707
904,173.13718354122707
905,173.13718354122707
906,173.13718354122707
907,173.13718354122707
908,173.13718354122707
909,173.13718354122707
910,173.13718354122707
911,173.13718354122707
912,173.13718354122707
913,173.13718354122707
914,173.13718354122707
915,173.13718354122707
916,173.13718354122707
917,173.13718354122707
918,173.13718354122707
919,173.13718354122707
920,173.13718354122707
921,173.13718354122707
922,173.13718354122707
923,173.13718354122707
924,173.13718354122707
925,173.13718354122707
926,173.13718354122707
927,173.13718354122707
928,173.13718354122707
929,173.13718354122707
930,173.13718354122707
931,173.13718354122707
932,173.13718354122707
933,173.13718354122707
934,173.13718354122707
935,173.13718354122707
936,173.13718354122707
937,173.13718354122707
938,173.13718354122707
939,173.13718354122707
940,173.13718354122707
941,173.13718354122707
942,173.13718354122707
943,173.13718354122707
944,173.13718354122707
945,173.13718354122707
946,173.13718354122707
947,173.13718354122707
948,173.13718354122707
949,173.13718354122707
950,173.13718354122707
951,173.13718354122707
952,173.13718354122707
953,173.13718354122707
954,173.13718354122707
955,173.13718354122707
956,173.13718354122707
957,173.13718354122707
958,173.13718354122707
959,173.13718354122707
960,173.13718354122707
961,173.13718354122707
962,173.13718354122707
963,173.13718354122707
964,173.13718354122707
965,173.13718354122707
966,173.13718354122707
967,173.13718354122707
968,173.13718354122707
969,173.13718354122707
970,173.13718354122707
971,173.13718354122707
972,173.13718354122707
973,173.13718354122707
974,173.13718354122707
975,173.13718354122707
976,173.13718354122707
977,173.13718354122707
978,173.13718354122707
979,173.13718354122707
980,173.13718354122707
981,173.13718354122707
982,173.13718354122707
983,173.13718354122707
984,173.13718354122707
985,173.13718354122707
986,173.13718354122707
987,173.13718354122707
988,173.13718354122707
989,173.13718354122707
990,173.13718354122707
991,173.13718354122707
992,173.13718354122707
993,173.13718354122707
994,173.13718354122707
995,173.13718354122707
996,173.13718354122707
997,173.13718354122707
998,173.13718354122707
999,173.13718354122707
1000,173.13718354122707
1001,173.13718354122707
1002,173.13718354122707
1003,173.13718354122707
1004,173.13718354122707
1005,173.13718354122707
1006,173.13718354122707
1007,173.13718354122707
1008,173.13718354122707
1009,173.13718354122707
1010,173.13718354122707
1011,173.13718354122707
1012,173.13718354122707
1013,173.13718354122707
1014,173.13718354122707
1015,173.13718354122707
1016,173.13718354122707
1017,173.13718354122707
1018,173.13718354122707
1019,173.13718354122707
1020,173.13718354122707
1021,173.13718354122707
1022,173.13718354122707
1023,173.13718354122707
1024,173.13718354122707
1025,173.13718354122707
1026,173.13718354122707
1027,173.13718354122707
1028,173.13718354122707
1029,173.13718354122707
1030,173.13718354122707
1031,173.13718354122707
1032,173.13718354122707
1033,173.13718354122707
1034,173.13718354122707
1035,173.13718354122707
1036,173.13718354122707
1037,173.13718354122707
1038,173.13718354122707
1039,173.13718354122707
1040,173.13718354122707
1041,173.13718354122707
1042,173.13718354122707
1043,173.13718354122707
1044,173.13718354122707
1045,173.13718354122707
1046,173.13718354122707
1047,173.13718354122707
1048,173.13718354122707
1049,173.13718354122707
1050,173.13718354122707
1051,173.13718354122707
1052,173.13718354122707
1053,173.13718354122707
1054,173.13718354122707
1055,173.13718354122707
1056,173.13718354122707
1057,173.13718354122707
1058,173.13718354122707
1059,173.13718354122707
1060,173.13718354122707
1061,173.13718354122707
1062,173.13718354122707
1063,173.13718354122707
1064,173.13718354122707
1065,173.13718354122707
1066,173.13718354122707
1067,173.13718354122707
1068,173.13718354122707
1069,173.13718354122707
1070,173.13718354122707
1071,173.13718354122707
1072,173.13718354122707
1073,173.13718354122707
1074,173.13718354122707
1075,173.13718354122707
1076,173.13718354122707
1077,173.13718354122707
1078,173.13718354122707
1079,173.13718354122707
1080,173.13718354122707
1081,173.13718354122707
1082,173.13718354122707
1083,173.13718354122707
1084,173.13718354122707
1085,173.13718354122707
1086,173.13718354122707
1087,173.13718354122707
1088,173.13718354122707
1089,173.13718354122707
1090,173.13718354122707
1091,173.13718354122707
1092,173.13718354122707
1093,173.13718354122707
1094,173.13718354122707
1095,173.13718354122707
1096,173.13718354122707
1097,173.13718354122707
1098,173.13718354122707
1099,173.13718354122707
1100,173.13718354122707
1101,173.13718354122707
1102,173.13718354122707
1103,173.13718354122707
1104,173.13718354122707
1105,173.13718354122707
1106,173.13718354122707
1107,173.13718354122707
1108,173.13718354122707
1109,173.13718354122707
1110,173.13718354122707
1111,173.13718354122707
1112,173.13718354122707
1113,173.13718354122707
1114,173.13718354122707
1115,173.13718354122707
1116,173.13718354122707
1117,173.13718354122707
1118,173.13718354122707
1119,173.13718354122707
1120,173.13718354122707
1121,173.13718354122707
1122,173.13718354122707
1123,173.13718354122707
1124,173.13718354122707
1125,173.13718354122707
1126,173.13718354122707
1127,173.13718354122707
1128,173.13718354122707
1129,173.13718354122707
1130,173.13718354122707
1131,173.13718354122707
1132,173.13718354122707
1133,173.13718354122707
1134,173.13718354122707
1135,173.13718354122707
1136,173.13718354122707
1137,173.13718354122707
1138,173.13718354122707
1139,173.13718354122707
1140,173.13718354122707
1141,173.13718354122707
1142,173.13718354122707
1143,173.13718354122707
1144,173.13718354122707
1145,173.13718354122707
1146,173.13718354122707
1147,173.13718354122707
1148,173.13718354122707
1149,173.13718354122707
1150,173.13718354122707
1151,173.13718354122707
1152,173.13718354122707
1153,173.13718354122707
1154,173.13718354122707
1155,173.13718354122707
1156,173.13718354122707
1157,173.13718354122707
1158,173.13718354122707
1159,173.13718354122707
1160,173.13718354122707
1161,173.13718354122707
1162,173.13718354122707
1163,173.13718354122707
1164,173.13718354122707
1165,173.13718354122707
1166,173.13718354122707
1167,173.13718354122707
1168,173.13718354122707
1169,173.13718354122707
1170,173.13718354122707
1171,173.13718354122707
1172,173.13718354122707
1173,173.13718354122707
1174,173.13718354122707
1175,173.13718354122707
1176,173.13718354122707
1177,173.13718354122707
1178,173.13718354122707
1179,173.13718354122707
1180,173.13718354122707
1181,173.13718354122707
1182,173.13718354122707
1183,173.13718354122707
1184,173.13718354122707
1185,173.13718354122707
1186,173.13718354122707
1187,173.13718354122707
1188,173.13718354122707
1189,173.13718354122707
1190,173.13718354122707
1191,173.13718354122707
1192,173.13718354122707
1193,173.13718354122707
1194,173.13718354122707
1195,173.13718354122707
1196,173.13718354122707
1197,173.13718354122707
1198,173.13718354122707
1199,173.13718354122707
1200,173.13718354122707
1201,173.13718354122707
1202,173.13718354122707
1203,173.13718354122707
1204,173.13718354122707
1205,173.13718354122707
1206,173.13718354122707
1207,173.13718354122707
1208,173.13718354122707
1209,173.13718354122707
1210,173.13718354122707
1211,173.13718354122707
1212,173.13718354122707
1213,173.13718354122707
1214,173.13718354122707
1215,173.13718354122707
1216,173.13718354122707
1217,173.13718354122707
1218,173.13718354122707
1219,173.13718354122707
1220,173.13718354122707
1221,173.13718354122707
1222,173.13718354122707
1223,173.13718354122707
1224,173.13718354122707
1225,173.13718354122707
1226,173.13718354122707
1227,173.13718354122707
1228,173.13718354122707
1229,173.13718354122707
1230,173.13718354122707
1231,173.13718354122707
1232,173.13718354122707
1233,173.13718354122707
1234,173.13718354122707
1235,173.13718354122707
1236,173.13718354122707
1237,173.13718354122707
1238,173.13718354122707
1239,173.13718354122707
1240,173.13718354122707
1241,173.13718354122707
1242,173.13718354122707
1243,173.13718354122707
1244,173.13718354122707
1245,173.13718354122707
1246,173.13718354122707
1247,173.13718354122707
1248,173.13718354122707
1249,173.13718354122707
1250,173.13718354122707
1251,173.13718354122707
1252,173.13718354122707
1253,173.13718354122707
1254,173.13718354122707
1255,173.13718354122707
1256,173.13718354122707
1257,173.13718354122707
1258,173.13718354122707
1259,173.13718354122707
1260,173.13718354122707
1261,173.13718354122707
1262,173.13718354122707
1263,173.13718354122707
1264,173.13718354122707
1265,173.13718354122707
1266,173.13718354122707
1267,173.13718354122707
1268,173.13718354122707
1269,173.13718354122707
1270,173.13718354122707
1271,173.13718354122707
1272,173.13718354122707
1273,173.13718354122707
1274,173.13718354122707
1275,173.13718354122707
1276,173.13718354122707
1277,173.13718354122707
1278,173.13718354122707
1279,173.13718354122707
1280,173.13718354122707
1281,173.13718354122707
1282,173.13718354122707
1283,151.74431456728655
1284,151.74431456728655
1285,151.74431456728655
1286,151.74431456728655
1287,151.74431456728655
1288,151.74431456728655
1289,151.74431456728655
1290,151.74431456728655
1291,151.74431456728655
1292,151.74431456728655
1293,151.74431456728655
1294,151.74431456728655
1295,151.74431456728655
1296,151.74431456728655
1297,151.74431456728655
1298,151.74431456728655
1299,151.74431456728655
1300,151.74431456728655
1301,151.74431456728655
1302,151.74431456728655
1303,151.74431456728655
1304,151.74431456728655
1305,151.74431456728655
1306,151.74431456728655
1307,151.74431456728655
1308,151.74431456728655
1309,151.74431456728655
1310,151.74431456728655
1311,151.74431456728655
1312,151.74431456728655
1313,151.74431456728655
1314,151.74431456728655
1315,151.74431456728655
1316,151.74431456728655
1317,151.74431456728655
1318,151.74431456728655
1319,151.74431456728655
1320,151.74431456728655
1321,151.74431456728655
1322,151.74431456728655
1323,151.74431456728655
1324,151.74431456728655
1325,151.74431456728655
1326,151.74431456728655
1327,151.74431456728655
1328,151.74431456728655
1329,151.74431456728655
1330,151.74431456728655
1331,151.74431456728655
1332,151.74431456728655
1333,151.74431456728655
1334,151.74431456728655
1335,151.74431456728655
1336,151.74431456728655
1337,151.74431456728655
1338,151.74431456728655
1339,151.74431456728655
1340,151.74431456728655
1341,151.74431456728655
1342,151.74431456728655
1343,151.74431456728655
1344,151.74431456728655
1345,151.74431456728655
1346,151.74431456728655
1347,151.74431456728655
1348,151.74431456728655
1349,151.74431456728655
1350,151.74431456728655
1351,151.74431456728655
1352,151.74431456728655
1353,151.74431456728655
1354,151.74431456728655
1355,151.74431456728655
1356,151.74431456728655
1357,151.74431456728655
1358,151.74431456728655
1359,151.74431456728655
1360,151.74431456728655
1361,151.74431456728655
1362,151.74431456728655
1363,151.74431456728655
1364,151.74431456728655
1365,151.74431456728655
1366,151.74431456728655
1367,151.74431456728655
1368,151.74431456728655
1369,151.74431456728655
1370,151.74431456728655
1371,151.74431456728655
1372,151.74431456728655
1373,151.74431456728655
1374,151.74431456728655
1375,151.74431456728655
1376,151.74431456728655
1377,151.74431456728655
1378,151.74431456728655
1379,151.74431456728655
1380,151.74431456728655
1381,151.74431456728655
1382,151.74431456728655
1383,151.74431456728655
1384,151.74431456728655
1385,151.74431456728655
1386,151.74431456728655
1387,151.74431456728655
1388,151.74431456728655
1389,151.74431456728655
1390,151.74431456728655
1391,151.74431456728655
1392,151.74431456728655
1393,151.74431456728655
1394,151.74431456728655
1395,151.74431456728655
1396,151.74431456728655
1397,151.74431456728655
1398,151.74431456728655
1399,151.74431456728655
1400,151.74431456728655
1401,151.74431456728655
1402,151.74431456728655
1403,151.74431456728655
1404,151.74431456728655
1405,151.74431456728655
1406,151.74431456728655
1407,151.74431456728655
1408,151.74431456728655
1409,151.74431456728655
1410,78.40355992890086
1411,78.40355992890086
1412,78.40355992890086
1413,78.40355992890086
1414,78.40355992890086
1415,78.40355992890086
1416,78.40355992890086
1417,78.40355992890086
1418,78.40355992890086
1419,78.40355992890086
1420,78.40355992890086
1421,78.40355992890086
1422,78.40355992890086
1423,78.40355992890086
1424,78.40355992890086
1425,78.40355992890086
1426,78.40355992890086
1427,78.40355992890086
1428,78.40355992890086
1429,78.40355992890086
1430,78.40355992890086
1431,78.40355992890086
1432,78.40355992890086
1433,78.40355992890086
1434,78.40355992890086
1435,78.40355992890086
1436,78.40355992890086
1437,78.40355992890086
1438,78.40355992890086
1439,78.40355992890086
1440,78.40355992890086
1441,78.40355992890086
1442,78.40355992890086
1443,78.40355992890086
1444,78.40355992890086
1445,78.40355992890086
1446,78.40355992890086
1447,78.40355992890086
1448,78.40355992890086
1449,78.40355992890086
1450,78.40355992890086
1451,78.40355992890086
1452,78.40355992890086
1453,78.40355992890086
1454,78.40355992890086
1455,78.40355992890086
1456,78.40355992890086
1457,78.40355992890086
1458,78.40355992890086
1459,78.40355992890086
1460,78.40355992890086
1461,78.40355992890086
1462,78.40355992890086
1463,78.40355992890086
1464,78.40355992890086
1465,78.40355992890086
1466,78.40355992890086
1467,78.40355992890086
1468,78.40355992890086
1469,78.40355992890086
1470,78.40355992890086
1471,78.40355992890086
1472,78.40355992890086
1473,78.40355992890086
1474,78.40355992890086
1475,78.40355992890086
1476,78.40355992890086
1477,78.40355992890086
1478,78.40355992890086
1479,78.40355992890086
1480,78.40355992890086
1481,78.40355992890086
1482,78.40355992890086
1483,78.40355992890086
1484,78.40355992890086
1485,78.40355992890086
1486,78.40355992890086
1487,78.40355992890086
1488,78.40355992890086
1489,78.40355992890086
1490,78.40355992890086
1491,78.40355992890086
1492,78.40355992890086
1493,78.40355992890086
1494,78.40355992890086
1495,78.40355992890086
1496,78.40355992890086
1497,78.40355992890086
1498,78.40355992890086
1499,78.40355992890086
1500,78.40355992890086
1501,78.40355992890086
1502,78.40355992890086
1503,78.40355992890086
1504,78.40355992890086
1505,78.40355992890086
1506,78.40355992890086
1507,78.40355992890086
1508,78.40355992890086
1509,78.40355992890086
1510,78.40355992890086
1511,78.40355992890086
1512,78.40355992890086
1513,78.40355992890086
1514,78.40355992890086
1515,78.40355992890086
1516,78.40355992890086
1517,78.40355992890086
1518,78.40355992890086
1519,78.40355992890086
1520,78.40355992890086
1521,78.40355992890086
1522,78.40355992890086
1523,78.40355992890086
1524,78.40355992890086
1525,78.40355992890086
1526,78.40355992890086
1527,78.40355992890086
1528,78.40355992890086
1529,78.40355992890086
1530,78.40355992890086
1531,78.40355992890086
1532,78.40355992890086
1533,78.40355992890086
1534,78.40355992890086
1535,78.40355992890086
1536,78.40355992890086
1537,78.40355992890086
1538,78.40355992890086
1539,78.40355992890086
1540,78.40355992890086
1541,78.40355992890086
1542,78.40355992890086
1543,78.40355992890086
1544,78.40355992890086
1545,78.40355992890086
1546,78.40355992890086
1547,78.40355992890086
1548,78.40355992890086
1549,78.40355992890086
1550,78.40355992890086
1551,78.40355992890086
1552,78.40355992890086
1553,78.40355992890086
1554,78.40355992890086
1555,78.40355992890086
1556,78.40355992890086
1557,78.40355992890086
1558,78.40355992890086
1559,78.40355992890086
1560,78.40355992890086
1561,78.40355992890086
1562,78.40355992890086
1563,78.40355992890086
1564,78.40355992890086
1565,78.40355992890086
1566,78.40355992890086
1567,78.40355992890086
1568,78.40355992890086
1569,78.40355992890086
1570,78.40355992890086
1571,78.40355992890086
1572,78.40355992890086
1573,78.40355992890086
1574,78.40355992890086
1575,78.40355992890086
1576,78.40355992890086
1577,78.40355992890086
1578,78.40355992890086
1579,78.40355992890086
1580,78.40355992890086
1581,78.40355992890086
1582,78.40355992890086
1583,78.40355992890086
1584,78.40355992890086
1585,78.40355992890086
1586,78.40355992890086
1587,78.40355992890086
1588,78.40355992890086
1589,78.40355992890086
1590,78.40355992890086
1591,78.40355992890086
1592,78.40355992890086
1593,48.913338924415356
1594,48.913338924415356
1595,48.913338924415356
1596,48.913338924415356
1597,48.913338924415356
1598,48.913338924415356
1599,48.913338924415356
1600,48.913338924415356
1601,48.913338924415356
1602,48.913338924415356
1603,48.913338924415356
1604,48.913338924415356
1605,48.913338924415356
1606,48.913338924415356
1607,48.913338924415356
1608,48.913338924415356
1609,48.913338924415356
1610,48.913338924415356
1611,48.913338924415356
1612,48.913338924415356
1613,48.913338924415356
1614,48.913338924415356
1615,48.913338924415356
1616,48.913338924415356
1617,48.913338924415356
1618,48.913338924415356
1619,48.913338924415356
1620,48.913338924415356
1621,48.913338924415356
1622,48.913338924415356
1623,48.913338924415356
1624,48.913338924415356
1625,48.913338924415356
1626,48.913338924415356
1627,48.913338924415356
1628,48.913338924415356
1629,48.913338924415356
1630,48.913338924415356
1631,48.913338924415356
1632,48.913338924415356
1633,48.913338924415356
1634,48.913338924415356
1635,48.913338924415356
1636,48.913338924415356
1637,48.913338924415356
1638,48.913338924415356
1639,48.913338924415356
1640,48.913338924415356
1641,48.913338924415356
1642,48.913338924415356
1643,48.913338924415356
1644,48.913338924415356
1645,48.913338924415356
1646,48.913338924415356
1647,48.913338924415356
1648,48.913338924415356
1649,48.913338924415356
1650,48.913338924415356
1651,48.913338924415356
1652,48.913338924415356
1653,48.913338924415356
1654,48.913338924415356
1655,48.913338924415356
1656,48.913338924415356
1657,48.913338924415356
1658,48.913338924415356
1659,48.913338924415356
1660,48.913338924415356
1661,48.913338924415356
1662,48.913338924415356
1663,48.913338924415356
1664,48.913338924415356
1665,48.913338924415356
1666,48.913338924415356
1667,48.913338924415356
1668,48.913338924415356
1669,48.913338924415356
1670,48.913338924415356
1671,48.913338924415356
1672,48.913338924415356
1673,48.913338924415356
1674,48.913338924415356
1675,48.913338924415356
1676,48.913338924415356
1677,48.394880353674445
1678,48.394880353674445
1679,48.394880353674445
1680,48.394880353674445
1681,48.394880353674445
1682,48.394880353674445
1683,48.394880353674445
1684,48.394880353674445
1685,48.394880353674445
1686,48.394880353674445
1687,48.394880353674445
1688,48.394880353674445
1689,48.394880353674445
1690,48.394880353674445
1691,48.394880353674445
1692,48.394880353674445
1693,48.394880353674445
1694,48.394880353674445
1695,48.394880353674445
1696,48.394880353674445
1697,48.394880353674445
1698,48.394880353674445
1699,48.394880353674445
1700,48.394880353674445
1701,48.394880353674445
1702,48.394880353674445
1703,48.394880353674445
1704,48.394880353674445
1705,48.394880353674445
1706,48.394880353674445
1707,48.394880353674445
1708,48.394880353674445
1709,48.394880353674445
1710,48.394880353674445
1711,48.394880353674445
1712,48.394880353674445
1713,48.394880353674445
1714,48.394880353674445
1715,48.394880353674445
1716,48.394880353674445
1717,48.394880353674445
1718,48.394880353674445
1719,48.394880353674445
1720,48.394880353674445
1721,48.394880353674445
1722,48.394880353674445
1723,48.394880353674445
1724,48.394880353674445
1725,48.394880353674445
1726,48.394880353674445
1727,48.394880353674445
1728,48.394880353674445
1729,48.394880353674445
1730,48.394880353674445
1731,48.394880353674445
1732,48.394880353674445
1733,48.394880353674445
1734,48.394880353674445
1735,48.394880353674445
1736,48.394880353674445
1737,48.394880353674445
1738,48.394880353674445
1739,48.394880353674445
1740,48.394880353674445
1741,48.394880353674445
1742,48.394880353674445
1743,48.394880353674445
1744,48.394880353674445
1745,48.394880353674445
1746,48.394880353674445
1747,48.394880353674445
1748,48.394880353674445
1749,48.394880353674445
1750,48.394880353674445
1751,48.394880353674445
1752,48.394880353674445
1753,48.394880353674445
1754,48.394880353674445
1755,48.394880353674445
1756,48.394880353674445
1757,48.394880353674445
1758,48.394880353674445
1759,48.394880353674445
1760,48.394880353674445
1761,48.394880353674445
1762,48.394880353674445
1763,48.394880353674445
1764,48.394880353674445
1765,48.394880353674445
1766,48.394880353674445
1767,48.394880353674445
1768,48.394880353674445
1769,48.394880353674445
1770,48.394880353674445
1771,48.394880353674445
1772,48.394880353674445
1773,48.394880353674445
1774,48.394880353674445
1775,48.394880353674445
1776,48.394880353674445
1777,48.394880353674445
1778,48.394880353674445
1779,48.394880353674445
1780,48.394880353674445
1781,48.394880353674445
1782,48.394880353674445
1783,48.394880353674445
1784,48.394880353674445
1785,48.394880353674445
1786,48.394880353674445
1787,48.394880353674445
1788,48.394880353674445
1789,48.394880353674445
1790,48.394880353674445
1791,48.394880353674445
1792,48.394880353674445
1793,48.394880353674445
1794,48.394880353674445
1795,48.394880353674445
1796,48.394880353674445
1797,48.394880353674445
1798,48.394880353674445
1799,48.394880353674445
1800,48.394880353674445
1801,48.394880353674445
1802,48.394880353674445
1803,48.394880353674445
1804,48.394880353674445
1805,48.394880353674445
1806,48.394880353674445
1807,48.394880353674445
1808,48.394880353674445
1809,48.394880353674445
1810,48.394880353674445
1811,48.394880353674445
1812,48.394880353674445
1813,48.394880353674445
1814,48.394880353674445
1815,48.394880353674445
1816,48.394880353674445
1817,48.394880353674445
1818,48.394880353674445
1819,48.394880353674445
1820,48.394880353674445
1821,48.394880353674445
1822,48.394880353674445
1823,48.394880353674445
1824,48.394880353674445
1825,48.394880353674445
1826,48.394880353674445
1827,48.394880353674445
1828,48.394880353674445
1829,48.394880353674445
1830,48.394880353674445
1831,48.394880353674445
1832,48.394880353674445
1833,48.394880353674445
1834,48.394880353674445
1835,48.394880353674445
1836,48.394880353674445
1837,48.394880353674445
1838,48.394880353674445
1839,48.394880353674445
1840,48.394880353674445
1841,48.394880353674445
1842,48.394880353674445
1843,48.394880353674445
1844,48.394880353674445
1845,48.394880353674445
1846,48.394880353674445
1847,48.394880353674445
1848,48.394880353674445
1849,48.394880353674445
1850,48.394880353674445
1851,48.394880353674445
1852,48.394880353674445
1853,48.394880353674445
1854,48.394880353674445
1855,48.394880353674445
1856,48.394880353674445
1857,48.394880353674445
1858,48.394880353674445
1859,48.394880353674445
1860,48.394880353674445
1861,48.394880353674445
1862,48.394880353674445
1863,48.394880353674445
1864,48.394880353674445
1865,48.394880353674445
1866,48.394880353674445
1867,48.394880353674445
1868,48.394880353674445
1869,48.394880353674445
1870,48.394880353674445
1871,48.394880353674445
1872,48.394880353674445
1873,48.394880353674445
1874,48.394880353674445
1875,48.394880353674445
1876,48.394880353674445
1877,48.394880353674445
1878,48.394880353674445
1879,48.394880353674445
1880,48.394880353674445
1881,48.394880353674445
1882,48.394880353674445
1883,48.394880353674445
1884,48.394880353674445
1885,48.394880353674445
1886,48.394880353674445
1887,48.394880353674445
1888,48.394880353674445
1889,48.394880353674445
1890,48.394880353674445
1891,48.394880353674445
1892,48.394880353674445
1893,48.394880353674445
1894,48.394880353674445
1895,48.394880353674445
1896,48.394880353674445
1897,48.394880353674445
1898,48.394880353674445
1899,48.394880353674445
1900,48.394880353674445
1901,48.394880353674445
1902,48.394880353674445
1903,48.394880353674445
1904,48.394880353674445
1905,48.394880353674445
1906,48.394880353674445
1907,48.394880353674445
1908,48.394880353674445
1909,48.394880353674445
1910,48.394880353674445
1911,48.394880353674445
1912,48.394880353674445
1913,48.394880353674445
1914,48.394880353674445
1915,48.394880353674445
1916,48.394880353674445
1917,48.394880353674445
1918,48.394880353674445
1919,48.394880353674445
1920,48.394880353674445
1921,48.394880353674445
1922,48.394880353674445
1923,48.394880353674445
1924,48.394880353674445
1925,48.394880353674445
1926,48.394880353674445
1927,48.394880353674445
1928,48.394880353674445
1929,48.394880353674445
1930,48.394880353674445
1931,48.394880353674445
1932,48.394880353674445
1933,48.394880353674445
1934,48.394880353674445
1935,48.394880353674445
1936,48.394880353674445
1937,48.394880353674445
1938,48.394880353674445
1939,48.394880353674445
1940,48.394880353674445
1941,48.394880353674445
1942,48.394880353674445
1943,48.394880353674445
1944,48.394880353674445
1945,48.394880353674445
1946,48.394880353674445
1947,48.394880353674445
1948,48.394880353674445
1949,48.394880353674445
1950,48.394880353674445
1951,48.394880353674445
1952,48.394880353674445
1953,48.394880353674445
1954,48.394880353674445
1955,48.394880353674445
1956,48.394880353674445
1957,48.394880353674445
1958,48.394880353674445
1959,48.394880353674445
1960,48.394880353674445
1961,48.394880353674445
1962,48.394880353674445
1963,48.394880353674445
1964,48.394880353674445
1965,48.394880353674445
1966,48.394880353674445
1967,48.394880353674445
1968,48.394880353674445
1969,48.394880353674445
1970,48.394880353674445
1971,48.394880353674445
1972,48.394880353674445
1973,48.394880353674445
1974,48.394880353674445
1975,48.394880353674445
1976,48.394880353674445
1977,48.394880353674445
1978,48.394880353674445
1979,48.394880353674445
1980,48.394880353674445
1981,48.394880353674445
1982,48.394880353674445
1983,48.394880353674445
1984,48.394880353674445
1985,48.394880353674445
1986,48.394880353674445
1987,48.394880353674445
1988,48.394880353674445
1989,48.394880353674445
1990,48.394880353674445
1991,48.394880353674445
1992,48.394880353674445
1993,48.394880353674445
1994,48.394880353674445
1995,48.394880353674445
1996,48.394880353674445
1997,48.394880353674445
1998,48.394880353674445
1999,48.394880353674445
2000,48.394880353674445
2001,48.394880353674445
2002,48.394880353674445
2003,48.394880353674445
2004,48.394880353674445
2005,48.394880353674445
2006,48.394880353674445
2007,48.394880353674445
2008,48.394880353674445
2009,48.394880353674445
2010,48.394880353674445
2011,48.394880353674445
2012,48.394880353674445
2013,48.394880353674445
2014,48.394880353674445
2015,48.394880353674445
2016,48.394880353674445
2017,48.394880353674445
2018,48.394880353674445
2019,48.394880353674445
2020,48.394880353674445
2021,48.394880353674445
2022,48.394880353674445
2023,48.394880353674445
2024,48.394880353674445
2025,48.394880353674445
2026,48.394880353674445
2027,48.394880353674445
2028,48.394880353674445
2029,48.394880353674445
2030,48.394880353674445
2031,48.394880353674445
2032,48.394880353674445
2033,48.394880353674445
2034,48.394880353674445
2035,48.394880353674445
2036,48.394880353674445
2037,48.394880353674445
2038,48.394880353674445
2039,48.394880353674445
2040,48.394880353674445
2041,48.394880353674445
2042,48.394880353674445
2043,48.394880353674445
2044,48.394880353674445
2045,48.394880353674445
2046,48.394880353674445
2047,48.394880353674445
2048,48.394880353674445
2049,48.394880353674445
2050,48.394880353674445
2051,48.394880353674445
2052,48.394880353674445
2053,48.394880353674445
2054,48.394880353674445
2055,48.394880353674445
2056,48.394880353674445
2057,48.394880353674445
2058,48.394880353674445
2059,48.394880353674445
2060,48.394880353674445
2061,48.394880353674445
2062,48.394880353674445
2063,48.394880353674445
2064,48.394880353674445
2065,48.394880353674445
2066,48.394880353674445
2067,48.394880353674445
2068,48.394880353674445
2069,48.394880353674445
2070,48.394880353674445
2071,48.394880353674445
2072,48.394880353674445
2073,48.394880353674445
2074,48.394880353674445
2075,48.394880353674445
2076,48.394880353674445
2077,48.394880353674445
2078,48.394880353674445
2079,48.394880353674445
2080,48.394880353674445
2081,48.394880353674445
2082,48.394880353674445
2083,48.394880353674445
2084,48.394880353674445
2085,48.394880353674445
2086,48.394880353674445
2087,48.394880353674445
2088,48.394880353674445
2089,48.394880353674445
2090,48.394880353674445
2091,48.394880353674445
2092,48.394880353674445
2093,48.394880353674445
2094,48.394880353674445
2095,48.394880353674445
2096,48.394880353674445
2097,48.394880353674445
2098,48.394880353674445
2099,48.394880353674445
2100,48.394880353674445
2101,48.394880353674445
2102,48.394880353674445
2103,48.394880353674445
2104,48.394880353674445
2105,48.394880353674445
2106,48.394880353674445
2107,48.394880353674445
2108,48.394880353674445
2109,48.394880353674445
2110,48.394880353674445
2111,48.394880353674445
2112,48.394880353674445
2113,48.394880353674445
2114,48.394880353674445
2115,48.394880353674445
2116,48.394880353674445
2117,48.394880353674445
2118,48.394880353674445
2119,48.394880353674445
2120,48.394880353674445
2121,48.394880353674445
2122,48.394880353674445
2123,48.394880353674445
2124,48.394880353674445
2125,48.394880353674445
2126,48.394880353674445
2127,48.394880353674445
2128,48.394880353674445
2129,48.394880353674445
2130,48.394880353674445
2131,48.394880353674445
2132,48.394880353674445
2133,48.394880353674445
2134,48.394880353674445
2135,48.394880353674445
2136,48.394880353674445
2137,48.394880353674445
2138,48.394880353674445
2139,44.068252449786996
2140,44.068252449786996
2141,44.068252449786996
2142,44.068252449786996
2143,44.068252449786996
2144,44.068252449786996
2145,44.068252449786996
2146,44.068252449786996
2147,44.068252449786996
2148,44.068252449786996
2149,44.068252449786996
2150,44.068252449786996
2151,44.068252449786996
2152,44.068252449786996
2153,44.068252449786996
2154,44.068252449786996
2155,44.068252449786996
2156,35.89226308262768
2157,35.89226308262768
2158,35.89226308262768
2159,35.89226308262768
2160,35.89226308262768
2161,35.89226308262768
2162,35.89226308262768
2163,35.89226308262768
2164,35.89226308262768
2165,35.89226308262768
2166,35.89226308262768
2167,35.89226308262768
2168,35.89226308262768
2169,35.89226308262768
2170,35.89226308262768
2171,35.89226308262768
2172,35.89226308262768
2173,35.89226308262768
2174,35.89226308262768
2175,35.89226308262768
2176,35.89226308262768
2177,35.89226308262768
2178,35.89226308262768
2179,35.89226308262768
2180,35.89226308262768
2181,35.89226308262768
2182,35.89226308262768
2183,35.89226308262768
2184,35.89226308262768
2185,35.89226308262768
2186,35.89226308262768
2187,35.89226308262768
2188,35.89226308262768
2189,35.89226308262768
2190,35.89226308262768
2191,35.89226308262768
2192,35.89226308262768
2193,35.89226308262768
2194,35.89226308262768
2195,35.89226308262768
2196,35.89226308262768
2197,35.89226308262768
2198,35.89226308262768
2199,35.89226308262768
2200,35.89226308262768
2201,35.89226308262768
2202,35.89226308262768
2203,35.89226308262768
2204,35.89226308262768
2205,35.89226308262768
2206,35.89226308262768
2207,35.89226308262768
2208,35.89226308262768
2209,35.89226308262768
2210,35.89226308262768
2211,35.89226308262768
2212,35.89226308262768
2213,35.89226308262768
2214,35.89226308262768
2215,35.89226308262768
2216,35.89226308262768
2217,35.89226308262768
2218,35.89226308262768
2219,35.89226308262768
2220,35.89226308262768
2221,35.89226308262768
2222,35.89226308262768
2223,35.89226308262768
2224,35.89226308262768
2225,35.89226308262768
2226,35.89226308262768
2227,35.89226308262768
2228,35.89226308262768
2229,35.89226308262768
2230,35.89226308262768
2231,35.89226308262768
2232,35.89226308262768
2233,35.89226308262768
2234,35.89226308262768
2235,35.89226308262768
2236,35.89226308262768
2237,35.89226308262768
2238,35.89226308262768
2239,35.89226308262768
2240,35.89226308262768
2241,35.89226308262768
2242,35.89226308262768
2243,35.89226308262768
2244,35.89226308262768
2245,35.89226308262768
2246,35.89226308262768
2247,35.89226308262768
2248,35.89226308262768
2249,35.89226308262768
2250,35.89226308262768
2251,35.89226308262768
2252,35.89226308262768
2253,35.89226308262768
2254,35.89226308262768
2255,35.89226308262768
2256,35.89226308262768
2257,35.89226308262768
2258,35.89226308262768
2259,35.89226308262768
2260,35.89226308262768
2261,35.89226308262768
2262,35.89226308262768
2263,35.89226308262768
2264,35.89226308262768
2265,35.89226308262768
2266,35.89226308262768
2267,35.89226308262768
2268,35.89226308262768
2269,35.89226308262768
2270,35.89226308262768
2271,35.89226308262768
2272,35.89226308262768
2273,35.89226308262768
2274,35.89226308262768
2275,35.89226308262768
2276,35.89226308262768
2277,35.89226308262768
2278,35.89226308262768
2279,35.89226308262768
2280,35.89226308262768
2281,35.89226308262768
2282,35.89226308262768
2283,35.89226308262768
2284,35.89226308262768
2285,35.89226308262768
2286,35.89226308262768
2287,35.89226308262768
2288,35.89226308262768
2289,35.89226308262768
2290,35.89226308262768
2291,35.89226308262768
2292,35.89226308262768
2293,35.89226308262768
2294,35.89226308262768
2295,35.89226308262768
2296,35.89226308262768
2297,35.89226308262768
2298,35.89226308262768
2299,35.89226308262768
2300,35.89226308262768
2301,35.89226308262768
2302,35.89226308262768
2303,21.600331288671317
2304,21.600331288671317
2305,21.600331288671317
2306,21.600331288671317
2307,21.600331288671317
2308,21.600331288671317
2309,21.600331288671317
2310,21.600331288671317
2311,21.600331288671317
2312,21.600331288671317
2313,21.600331288671317
2314,21.600331288671317
2315,21.600331288671317
2316,21.600331288671317
2317,21.600331288671317
2318,21.600331288671317
2319,21.600331288671317
2320,21.600331288671317
2321,21.600331288671317
2322,21.600331288671317
2323,21.600331288671317
2324,21.600331288671317
2325,21.600331288671317
2326,21.600331288671317
2327,21.600331288671317
2328,21.600331288671317
2329,21.600331288671317
2330,21.600331288671317
2331,21.600331288671317
2332,21.600331288671317
2333,21.600331288671317
2334,21.600331288671317
2335,21.600331288671317
2336,21.600331288671317
2337,21.600331288671317
2338,21.600331288671317
2339,21.600331288671317
2340,21.600331288671317
2341,21.600331288671317
2342,21.600331288671317
2343,21.600331288671317
2344,21.600331288671317
2345,21.600331288671317
2346,21.600331288671317
2347,21.600331288671317
2348,21.600331288671317
2349,21.600331288671317
2350,21.600331288671317
2351,21.600331288671317
2352,21.600331288671317
2353,21.600331288671317
2354,21.600331288671317
2355,21.600331288671317
2356,21.600331288671317
2357,21.600331288671317
2358,21.600331288671317
2359,21.600331288671317
2360,21.600331288671317
2361,21.600331288671317
2362,21.600331288671317
2363,21.600331288671317
2364,21.600331288671317
2365,21.600331288671317
2366,21.600331288671317
2367,21.600331288671317
2368,21.600331288671317
2369,21.600331288671317
2370,21.600331288671317
2371,21.600331288671317
2372,21.600331288671317
2373,21.600331288671317
2374,21.600331288671317
2375,21.600331288671317
2376,21.600331288671317
2377,21.600331288671317
2378,21.600331288671317
2379,21.600331288671317
2380,21.600331288671317
2381,21.600331288671317
2382,21.600331288671317
2383,21.600331288671317
2384,21.600331288671317
2385,21.600331288671317
2386,21.600331288671317
2387,21.600331288671317
2388,21.600331288671317
2389,21.600331288671317
2390,21.600331288671317
2391,21.600331288671317
2392,21.600331288671317
2393,21.600331288671317
2394,21.600331288671317
2395,21.600331288671317
2396,21.600331288671317
2397,16.70962359677495
2398,16.70962359677495
2399,16.70962359677495
2400,16.70962359677495
2401,16.70962359677495
2402,16.70962359677495
2403,16.70962359677495
2404,16.70962359677495
2405,16.70962359677495
2406,16.70962359677495
2407,16.70962359677495
2408,16.70962359677495
2409,16.70962359677495
2410,16.70962359677495
2411,16.70962359677495
2412,16.70962359677495
2413,16.70962359677495
2414,16.70962359677495
2415,16.70962359677495
2416,16.70962359677495
2417,16.70962359677495
2418,16.70962359677495
2419,16.70962359677495
2420,16.70962359677495
2421,16.70962359677495
2422,16.70962359677495
2423,16.70962359677495
2424,16.70962359677495
2425,16.70962359677495
2426,16.70962359677495
2427,16.70962359677495
2428,16.70962359677495
2429,16.70962359677495
2430,16.70962359677495
2431,16.70962359677495
2432,16.70962359677495
2433,16.70962359677495
2434,16.70962359677495
2435,16.70962359677495
2436,16.70962359677495
2437,16.70962359677495
2438,16.70962359677495
2439,16.70962359677495
2440,16.70962359677495
2441,16.70962359677495
2442,16.70962359677495
2443,16.70962359677495
2444,16.70962359677495
2445,16.70962359677495
2446,16.70962359677495
2447,16.70962359677495
2448,16.70962359677495
2449,16.70962359677495
2450,16.70962359677495
2451,16.70962359677495
2452,16.70962359677495
2453,16.70962359677495
2454,16.70962359677495
2455,16.70962359677495
2456,16.70962359677495
2457,16.70962359677495
2458,16.70962359677495
2459,16.70962359677495
2460,16.70962359677495
2461,16.70962359677495
2462,16.70962359677495
2463,16.70962359677495
2464,16.70962359677495
2465,16.70962359677495
2466,16.70962359677495
2467,16.70962359677495
2468,16.70962359677495
2469,16.70962359677495
2470,16.70962359677495
2471,16.70962359677495
2472,16.70962359677495
2473,16.70962359677495
2474,16.70962359677495
2475,16.70962359677495
2476,16.70962359677495
2477,15.488099742068378
2478,15.488099742068378
2479,15.488099742068378
2480,15.488099742068378
2481,15.488099742068378
2482,15.488099742068378
2483,15.488099742068378
2484,15.488099742068378
2485,15.488099742068378
2486,15.488099742068378
2487,15.488099742068378
2488,15.488099742068378
2489,15.488099742068378
2490,15.488099742068378
2491,15.488099742068378
2492,15.488099742068378
2493,15.488099742068378
2494,15.488099742068378
2495,15.488099742068378
2496,15.488099742068378
2497,15.488099742068378
2498,15.488099742068378
2499,15.488099742068378
2500,15.488099742068378
2501,15.488099742068378
2502,15.488099742068378
2503,15.488099742068378
2504,15.488099742068378
2505,15.488099742068378
2506,15.488099742068378
2507,15.488099742068378
2508,15.488099742068378
2509,15.488099742068378
2510,15.488099742068378
2511,15.488099742068378
2512,15.488099742068378
2513,15.488099742068378
2514,15.488099742068378
2515,15.488099742068378
2516,15.488099742068378
2517,15.488099742068378
2518,15.488099742068378
2519,15.488099742068378
2520,15.488099742068378
2521,15.488099742068378
2522,15.488099742068378
2523,15.488099742068378
2524,15.488099742068378
2525,15.488099742068378
2526,15.488099742068378
2527,15.488099742068378
2528,15.488099742068378
2529,15.488099742068378
2530,15.488099742068378
2531,15.488099742068378
2532,15.488099742068378
2533,15.488099742068378
2534,15.488099742068378
2535,15.488099742068378
2536,15.488099742068378
2537,15.488099742068378
2538,15.488099742068378
2539,15.488099742068378
2540,15.488099742068378
2541,15.488099742068378
2542,15.488099742068378
2543,15.488099742068378
2544,15.488099742068378
2545,15.488099742068378
2546,15.488099742068378
2547,15.488099742068378
2548,15.488099742068378
2549,15.488099742068378
2550,15.488099742068378
2551,15.488099742068378
2552,15.488099742068378
2553,15.488099742068378
2554,15.488099742068378
2555,15.488099742068378
2556,15.488099742068378
2557,15.488099742068378
2558,15.488099742068378
2559,15.488099742068378
2560,15.488099742068378
2561,15.488099742068378
2562,15.488099742068378
2563,15.488099742068378
2564,15.488099742068378
2565,15.488099742068378
2566,15.488099742068378
2567,15.488099742068378
2568,15.488099742068378
2569,15.488099742068378
2570,15.488099742068378
2571,15.488099742068378
2572,15.488099742068378
2573,15.488099742068378
2574,15.488099742068378
2575,15.488099742068378
2576,15.488099742068378
2577,15.488099742068378
2578,15.488099742068378
2579,15.488099742068378
2580,15.488099742068378
2581,15.488099742068378
2582,15.488099742068378
2583,15.488099742068378
2584,15.488099742068378
2585,15.488099742068378
2586,15.488099742068378
2587,15.488099742068378
2588,15.488099742068378
2589,15.488099742068378
2590,15.488099742068378
2591,15.488099742068378
2592,15.488099742068378
2593,15.488099742068378
2594,15.488099742068378
2595,15.488099742068378
2596,15.488099742068378
2597,15.488099742068378
2598,15.488099742068378
2599,15.488099742068378
2600,15.488099742068378
2601,15.488099742068378
2602,15.488099742068378
2603,15.488099742068378
2604,15.488099742068378
2605,15.488099742068378
2606,15.488099742068378
2607,15.488099742068378
2608,15.488099742068378
2609,15.488099742068378
2610,15.488099742068378
2611,15.488099742068378
2612,15.488099742068378
2613,15.488099742068378
2614,15.488099742068378
2615,15.488099742068378
2616,15.488099742068378
2617,15.488099742068378
2618,15.488099742068378
2619,15.488099742068378
2620,15.488099742068378
2621,15.488099742068378
2622,15.488099742068378
2623,15.488099742068378
2624,15.488099742068378
2625,8.890370850135788
2626,8.890370850135788
2627,8.890370850135788
2628,8.890370850135788
2629,8.890370850135788
2630,8.890370850135788
2631,8.890370850135788
2632,8.890370850135788
2633,8.890370850135788
2634,8.890370850135788
2635,8.890370850135788
2636,8.890370850135788
2637,8.890370850135788
2638,8.890370850135788
2639,8.890370850135788
2640,8.890370850135788
2641,5.062265742417036
2642,5.062265742417036
2643,5.062265742417036
2644,5.062265742417036
2645,5.062265742417036
2646,5.062265742417036
2647,5.062265742417036
2648,5.062265742417036
2649,5.062265742417036
2650,5.062265742417036
2651,5.062265742417036
2652,5.062265742417036
2653,5.062265742417036
2654,5.062265742417036
2655,5.062265742417036
2656,5.062265742417036
2657,5.062265742417036
2658,5.062265742417036
2659,5.062265742417036
2660,5.062265742417036
2661,5.062265742417036
2662,5.062265742417036
2663,5.062265742417036
2664,5.062265742417036
2665,5.062265742417036
2666,5.062265742417036
2667,5.062265742417036
2668,5.062265742417036
2669,5.062265742417036
2670,5.062265742417036
2671,5.062265742417036
2672,5.062265742417036
2673,5.062265742417036
2674,5.062265742417036
2675,5.062265742417036
2676,5.062265742417036
2677,5.062265742417036
2678,5.062265742417036
2679,5.062265742417036
2680,5.062265742417036
2681,5.062265742417036
2682,5.062265742417036
2683,5.062265742417036
2684,5.062265742417036
2685,5.062265742417036
2686,5.062265742417036
2687,5.062265742417036
2688,5.062265742417036
2689,5.062265742417036
2690,5.062265742417036
2691,5.062265742417036
2692,5.062265742417036
2693,5.062265742417036
2694,5.062265742417036
2695,5.062265742417036
2696,5.062265742417036
2697,5.062265742417036
2698,5.062265742417036
2699,5.062265742417036
2700,5.062265742417036
2701,5.062265742417036
2702,5.062265742417036
2703,5.062265742417036
2704,5.062265742417036
2705,5.062265742417036
2706,5.062265742417036
2707,5.062265742417036
2708,5.062265742417036
2709,5.062265742417036
2710,5.062265742417036
2711,5.062265742417036
2712,5.062265742417036
2713,5.062265742417036
2714,5.062265742417036
2715,5.062265742417036
2716,5.062265742417036
2717,5.062265742417036
2718,5.062265742417036
2719,5.062265742417036
2720,5.062265742417036
2721,5.062265742417036
2722,5.062265742417036
2723,5.062265742417036
2724,5.062265742417036
2725,5.062265742417036
2726,5.062265742417036
2727,5.062265742417036
2728,5.062265742417036
2729,0.9620583888912317
2730,0.9620583888912317
2731,0.9620583888912317
2732,0.9620583888912317
2733,0.9620583888912317
2734,0.9620583888912317
2735,0.9620583888912317
2736,0.9620583888912317
2737,0.9620583888912317
2738,0.5209202864218773
2739,0.3673282468388993
2740,0.3673282468388993
2741,0.08880183442582036
2742,0.08880183442582036
2743,0.08880183442582036
2744,0.08880183442582036
2745,0.0
2746,0.0
2747,0.0
